{"entropia":{"0":0.0,"1":0.6795041627,"2":0.5328615276,"3":0.6658831579,"4":0.902524479,"5":0.5465828135,"6":0.445202332,"7":0.2668645341,"8":0.2915928723,"9":0.4393320561,"10":0.2227720291,"11":0.9553119478,"12":0.6851886965,"13":0.7755773377,"14":0.7168548762,"15":0.6220292068,"16":0.7560021485,"17":0.4662921552,"18":0.6873167361,"19":0.6900832971,"20":0.8120005954,"21":0.934780427,"22":0.5955395266,"23":0.9007490008,"24":0.5896877982,"25":0.8425558927,"26":0.8750394388,"27":0.9308791168,"28":0.869144942,"29":0.7116379274,"30":0.8542516058,"31":0.7064492826,"32":0.5095000757,"33":0.732048803,"34":0.8072662686,"35":0.9096573974,"36":0.6168456866,"37":0.647357038,"38":0.7412920644,"39":0.7683939345,"40":0.8038588621,"41":0.9239053512,"42":0.5094310349,"43":0.9495834757,"44":0.6910674967,"45":0.7346282111,"46":0.6990888613,"47":0.5602302014,"48":1.0,"49":0.9071431804,"50":0.82348214,"51":0.617582306,"52":0.7522193742,"53":0.8650210206,"54":0.7756623685,"55":0.7894910019,"56":0.7020325337,"57":0.7653334333,"58":0.5370786183,"59":0.633228952,"60":0.7414448674,"61":0.7320610582,"62":0.8080294192,"63":0.5519417004,"64":0.4417416668,"65":0.6640680254,"66":0.4879525921,"67":0.6395967667,"68":0.5744294521,"69":0.7305205075,"70":0.6125740826,"71":0.5899472591,"72":0.5623433198,"73":0.6412544801}}